round,slice,frame,object_ref,cell,what,why,severity,owner,rule_id,evidence,action,rules_version,note
calib,C0,adasind_019560.jpg,L3,na,SPURIOUS,E0_reference_defect,P1,guideline,R01;R02;R05,"compare.html: L3 Bike tại (597.5,781.0)-(694.3,838.3), phần nhìn thấy cao khoảng 57 px và bị Bike phía trước che một phần",keep_with_reason,v1.0.0,"Giữ Bike riêng với occluded=true; đây không phải box trùng."
calib,C0,adasind_019560.jpg,L5,na,SPURIOUS,E1_annotator_error,P0,annotator,R06;R07,"compare.html: L5 Bike ở mép trái (0.0,1069.7)-(138.0,1562.8) là thân xe gắn camera",rework,v1.0.0,"Xóa box Bike; đánh dấu phần thân xe nhìn thấy bằng ignore_region, reason=ego_body."
calib,C0,adasind_019560.jpg,L6,na,SPURIOUS,E0_reference_defect,P1,guideline,R03,"compare.html: L6 Pedestrian tại (463.1,731.5)-(535.4,894.3); người đứng cạnh và đang dắt Bike",keep_with_reason,v1.0.0,"Giữ Pedestrian và Bike là hai box riêng vì người đó dắt xe, không ngồi lái."
r1_craft,B4-mid,adasind_261480.jpg,L5,na,SPURIOUS,E0_reference_defect,P1,guideline,R01;R02,"compare.html: L5 Bike tại zone mid; phần nhìn thấy cao hơn 40 px và nằm trong vùng hợp lệ",keep_with_reason,v1.0.0,"Giữ Bike; khác biệt với reference không phải lý do để xóa vật đủ ngưỡng."
r1_craft,B4-mid,adasind_265065.jpg,L1,na,SPURIOUS,E0_reference_defect,P1,guideline,R01;R02,"compare.html: L1 Bike tại zone center; xe đỗ trên lề đường, phần nhìn thấy cao hơn 40 px",keep_with_reason,v1.0.0,"Giữ Bike vì là đối tượng riêng đủ ngưỡng trong vùng hợp lệ."
r1_craft,B4-mid,adasind_265065.jpg,R4,na,MISSING,E1_annotator_error,P1,annotator,R01;R02,"compare.html: R4 Bike tại zone center có trên ảnh gốc nhưng bị bỏ sót trong export đã khóa",rework,v1.0.0,"Thêm lại Bike trong bản rework; box bám phần nhìn thấy trên ảnh fisheye gốc."
r1_craft,B4-mid,adasind_265065.jpg,R5,na,MISSING,E0_reference_defect,P2,guideline,R01,"compare.html: R5 Bike tại zone mid; vật thể không đủ rõ để nhận diện đáng tin và không có box trong export",keep_with_reason,v1.0.0,"Không thêm Bike khi chưa xác định được đối tượng; ghi nhận reference có thể sai thay vì đoán nhãn."
r1_craft,B4-mid,adasind_265065.jpg,R7,na,MISSING,E0_reference_defect,P1,guideline,R03,"compare.html: R7 Pedestrian tại zone mid; vùng này không phải một Pedestrian trên ảnh gốc",keep_with_reason,v1.0.0,"Không thêm Pedestrian; giữ quyết định theo ảnh gốc và rule, không coi reference là chân lý."
r3_diag,B4-mid,adasind_249480.jpg,M2,M_only,SPURIOUS,E4_model_domain,P2,ai_team,R03,"model_compare.html: M2 Pedestrian chồng lên L2/R1 Bike; model tách người lái khỏi xe hai bánh",escalate,v1.0.0,"Mẫu lặp lại: model không áp dụng quy ước Bike gộp người ngồi điều khiển."
r3_diag,B4-mid,adasind_249480.jpg,M4,M_only,SPURIOUS,E4_model_domain,P2,ai_team,R03,"model_compare.html: M4 Pedestrian là box phụ bên trong L2/R1 Bike",escalate,v1.0.0,"Model tạo Pedestrian thừa cho phần người thuộc Bike."
r3_diag,B4-mid,adasind_249480.jpg,M6,M_only,SPURIOUS,E4_model_domain,P2,ai_team,R02,"model_compare.html: M6 Pedestrian tại (161.9,679.4)-(228.9,746.0) nằm trên L1/R2 Truck; ảnh gốc cho thấy đó là các cục gỗ chở trên nóc xe",escalate,v1.0.0,"Model nhầm hàng chở trên Truck thành Pedestrian."
r3_diag,B4-mid,adasind_261480.jpg,L2+R6,LR_noM,MISSING,E4_model_domain,P2,ai_team,R04,"model_compare.html: L2/R6 là ThreeWheeler nhưng không có dự đoán cùng class ghép được",escalate,v1.0.0,"Model bỏ sót ThreeWheeler trong cảnh đông vật thể."
r3_diag,B4-mid,adasind_261480.jpg,L6+R4,LR_noM,MISSING,E4_model_domain,P2,ai_team,R04,"model_compare.html: L6/R4 là ThreeWheeler nhưng model không giữ được dự đoán cùng class",escalate,v1.0.0,"Model không nhận diện ổn định ThreeWheeler."
r3_diag,B4-mid,adasind_261480.jpg,L3+R5,LR_noM,MISSING,E4_model_domain,P2,ai_team,R04,"model_compare.html: L3/R5 là ThreeWheeler nhỏ, không có dự đoán model cùng class",escalate,v1.0.0,"Model bỏ sót ThreeWheeler nhỏ trong vùng mid."
r3_diag,B4-mid,adasind_261480.jpg,L5,L_only,SPURIOUS,E0_reference_defect,P1,guideline,R01;R02,"compare.html: L5 Bike cao hơn 40 px và nằm trong vùng hợp lệ, nhưng reference không có box",keep_with_reason,v1.0.0,"Giữ Bike theo ảnh gốc; khác biệt L/R đã được ghi riêng ở round r1_craft."
r3_diag,B4-mid,adasind_261480.jpg,M2,M_only,SPURIOUS,E4_model_domain,P2,ai_team,R03,"model_compare.html: M2 Pedestrian chồng lên L4/R7 Bike",escalate,v1.0.0,"Model tách phần người lái khỏi Bike thay vì dùng một box Bike."
r3_diag,B4-mid,adasind_261480.jpg,M5,M_only,SPURIOUS,E4_model_domain,P2,ai_team,R03,"model_compare.html: M5 Pedestrian chồng lên L8/R2 Bike ở mép trái",escalate,v1.0.0,"Model tách người trong Bike thành Pedestrian thừa."
r3_diag,B4-mid,adasind_261480.jpg,M6,M_only,SPURIOUS,E4_model_domain,P2,ai_team,R04,"model_compare.html: M6 Car chồng lên L2/R6 ThreeWheeler",escalate,v1.0.0,"Model nhầm ThreeWheeler thành Car."
r3_diag,B4-mid,adasind_261480.jpg,M8,M_only,SPURIOUS,E4_model_domain,P2,ai_team,R04,"model_compare.html: M8 Car chồng lên L3/R5 ThreeWheeler",escalate,v1.0.0,"Model nhầm ThreeWheeler nhỏ thành Car."
r3_diag,B4-mid,adasind_261480.jpg,M10,M_only,SPURIOUS,E4_model_domain,P2,ai_team,R04,"model_compare.html: M10 Car chồng lên L6/R4 ThreeWheeler",escalate,v1.0.0,"Model nhầm ThreeWheeler thành Car."
r3_diag,B4-mid,adasind_261480.jpg,M11,M_only,SPURIOUS,E4_model_domain,P2,ai_team,R03,"model_compare.html: M11 Bike là box phụ chồng lên L8/R2 Bike",escalate,v1.0.0,"Model tạo thêm box một phần cho cùng Bike."
r3_diag,B4-mid,adasind_261480.jpg,M12,M_only,SPURIOUS,E4_model_domain,P2,ai_team,R04,"model_compare.html: M12 Truck chồng lên L6/R4 ThreeWheeler",escalate,v1.0.0,"Model nhầm ThreeWheeler thành Truck."
r3_diag,B4-mid,adasind_261480.jpg,M13,M_only,SPURIOUS,E4_model_domain,P2,ai_team,R03,"model_compare.html: M13 Bike là box phụ chồng lên L4/R7 Bike",escalate,v1.0.0,"Model tách một Bike lớn thành thêm box Bike một phần."
r3_diag,B4-mid,adasind_265065.jpg,L1,L_only,SPURIOUS,E0_reference_defect,P1,guideline,R01;R02,"compare.html: L1 Bike là xe đỗ trên lề, phần nhìn thấy cao hơn 40 px",keep_with_reason,v1.0.0,"Giữ Bike theo ảnh gốc; reference không có box tương ứng."
r3_diag,B4-mid,adasind_265065.jpg,R4+M4,RM_noL,MISSING,E1_annotator_error,P1,annotator,R01;R02,"model_compare.html: R4/M4 Bike tại center có trên ảnh gốc nhưng không có trong export đã khóa",rework,v1.0.0,"Thêm Bike trong bản rework; box bám phần nhìn thấy."
r3_diag,B4-mid,adasind_265065.jpg,R5+M7,RM_noL,MISSING,E0_reference_defect,P2,guideline,R01,"model_compare.html: R5/M7 được gọi Bike nhưng vật thể trên ảnh không đủ rõ để nhận diện đáng tin",keep_with_reason,v1.0.0,"Không thêm nhãn khi chưa xác định được vật; reference và model cùng dự đoán không đủ chứng minh đúng."
r3_diag,B4-mid,adasind_265065.jpg,R7,R_only,MISSING,E0_reference_defect,P1,guideline,R03,"model_compare.html: R7 Pedestrian không tương ứng một Pedestrian trên ảnh gốc",keep_with_reason,v1.0.0,"Không thêm Pedestrian chỉ để khớp reference."
r3_diag,B4-mid,adasind_265065.jpg,M8,M_only,SPURIOUS,E5_unresolved,P2,ai_team,R01,"model_compare.html: M8 Bike chồng vùng R5/M7; vật thể không đủ rõ để kết luận model thừa hay reference thiếu",escalate,v1.0.0,"Cần reviewer độc lập xem ảnh gốc ở độ phân giải đầy đủ trước khi sửa nhãn hoặc dùng ca này đánh giá model."
